타겟,파일,시트,Excel행,유형,인용,URL,해석
손가락,우아한갱년기-관절.xlsx,Sheet1,6663,게시글,딸이 카페 알바할때 쓰던 병따개 기구 줘서 집에서는 도구 이용해요,https://cafe.naver.com/ca-fe/cafes/29349320/articles/389354,익명 원문 관찰; 치료효과·히토 옵션 구매의사 미검증
손가락,우아한갱년기-관절.xlsx,Sheet1,6667,댓글,저 손아귀힘 괜챦은데요 그래도 병뚜껑은 다용도 따개사서 열어요. 편의점음료수들 잘 안열리는거 많아서 차에도 뒀어요. 나이들어 따개를 힘주고 여는게 손에 안좋대요. 그래서 도구사용합니다^^,https://cafe.naver.com/ca-fe/cafes/29349320/articles/389354,익명 원문 관찰; 치료효과·히토 옵션 구매의사 미검증
손가락,우아한갱년기-관절.xlsx,Sheet1,6673,댓글,전 피클 병제품은 도구를 써도 쉽지않더라구요,https://cafe.naver.com/ca-fe/cafes/29349320/articles/389354,익명 원문 관찰; 치료효과·히토 옵션 구매의사 미검증
무릎,우아한갱년기-관절.xlsx,Sheet1,19689,게시글,지금 하고 있는건 적외선조사기랑 무릎보호대,https://cafe.naver.com/ca-fe/cafes/29349320/articles/315585,익명 원문 관찰; 치료효과·히토 옵션 구매의사 미검증
무릎,우아한갱년기-관절.xlsx,Sheet1,20997,게시글,보호대로 활동하는데도 힘드네요,https://cafe.naver.com/ca-fe/cafes/29349320/articles/307730,익명 원문 관찰; 치료효과·히토 옵션 구매의사 미검증
손가락,우아한갱년기-관절.xlsx,Sheet1,21557,게시글,병뚜껑 열기나 비트는 동작이요,https://cafe.naver.com/ca-fe/cafes/29349320/articles/304246,익명 원문 관찰; 치료효과·히토 옵션 구매의사 미검증
손가락,우아한갱년기-관절.xlsx,Sheet1,26075,게시글,병뚜껑도 못 따고,https://cafe.naver.com/ca-fe/cafes/29349320/articles/279379,익명 원문 관찰; 치료효과·히토 옵션 구매의사 미검증
무릎,우아한갱년기-관절.xlsx,Sheet1,30215,게시글,일상생활에서도 쓸까해서 편한거 장만 하려고요,https://cafe.naver.com/ca-fe/cafes/29349320/articles/248048,익명 원문 관찰; 치료효과·히토 옵션 구매의사 미검증
손가락,우아한갱년기-관절.xlsx,Sheet1,31616,댓글,움직이지 말라고 부목을 줬는데 이거 하니 더 뻣뻣해져 더 아프더라고요,https://cafe.naver.com/ca-fe/cafes/29349320/articles/233899,익명 원문 관찰; 치료효과·히토 옵션 구매의사 미검증
엘보,우아한갱년기-손가락.xlsx,Sheet1,7510,게시글,처음엔 물건을 들거나 설거지를 할 때 아프더니,https://cafe.naver.com/ca-fe/cafes/29349320/articles/378797,익명 원문 관찰; 치료효과·히토 옵션 구매의사 미검증
엘보,통합_테니스엘보_20260611_154336.xlsx,전체,1601,게시글,‌아직 병원에가보지않았지만검색해보니 테니스엘보같아요 왼쪽 손인데 무게있는물병컨트롤하기에도 힘드네요보호차원이아닌 기존 통증이있는상태에서팔꿈치보호대착용하면  통중완화기대해볼수있나요??28000원대 보호대 살까 고민중입니다,https://mlbpark.donga.com/mp/b.php?id=202308120084455814&p=1&b=bullpen&m=view&select=sct&query=%ED%85%8C%EB%8B%88%EC%8A%A4%EC%97%98%EB%B3%B4&subselect=&subquery=&user=&site=donga.com,익명 원문 관찰; 치료효과·히토 옵션 구매의사 미검증
